{
    "train": {
        "total_loss": [
            0.765258117389679,
            0.1307561041434606,
            0.10030266063610713,
            0.08430588435729344,
            0.08223522198001544
        ],
        "cls_loss": [
            0.6929526138703028,
            0.09365570653279623,
            0.06832995848258336,
            0.056203626678387325,
            0.05364328844808042
        ],
        "loc_loss": [
            0.0007230550462845712,
            0.00037100397663501403,
            0.00031972702164202927,
            0.0002810225762271633,
            0.00028591933583375066
        ],
        "accuracy": [
            0.7673166666666666,
            0.9721666666666666,
            0.9798,
            0.9821833333333333,
            0.9832333333333333
        ],
        "iou": [
            0.6226045432940747,
            0.6931464205741882,
            0.7117001331011454,
            0.7274088019053141,
            0.7252173196156819
        ]
    },
    "val": {
        "total_loss": [
            0.19838668615818023,
            0.09911810061335563,
            0.08381870861053467,
            0.0639388560950756,
            0.055756586005538705
        ],
        "cls_loss": [
            0.18405495446920395,
            0.08643659733682871,
            0.0707740392319858,
            0.056739223593473435,
            0.046287580259982496
        ],
        "loc_loss": [
            0.00014331730995327234,
            0.00012681503354106097,
            0.0001304466938832775,
            7.199632364790887e-05,
            9.469005705905147e-05
        ],
        "accuracy": [
            0.9456,
            0.9717,
            0.9775,
            0.9817,
            0.9847
        ],
        "iou": [
            0.7903601404190064,
            0.8009457538604736,
            0.7949468108177185,
            0.845201766204834,
            0.8238711187362671
        ]
    }
}